Names,ProblemIds,ProblemUrls,Source
Two Sum,/problems/two-sum,https://leetcode.com/problems/two-sum,Leetcode
Add Two Numbers,/problems/add-two-numbers,https://leetcode.com/problems/add-two-numbers,Leetcode
Longest Substring Without Repeating Characters,/problems/longest-substring-without-repeating-characters,https://leetcode.com/problems/longest-substring-without-repeating-characters,Leetcode
Median of Two Sorted Arrays,/problems/median-of-two-sorted-arrays,https://leetcode.com/problems/median-of-two-sorted-arrays,Leetcode
Longest Palindromic Substring,/problems/longest-palindromic-substring,https://leetcode.com/problems/longest-palindromic-substring,Leetcode
ZigZag Conversion,/problems/zigzag-conversion,https://leetcode.com/problems/zigzag-conversion,Leetcode
Reverse Integer,/problems/reverse-integer,https://leetcode.com/problems/reverse-integer,Leetcode
String to Integer (atoi),/problems/string-to-integer-atoi,https://leetcode.com/problems/string-to-integer-atoi,Leetcode
Palindrome Number,/problems/palindrome-number,https://leetcode.com/problems/palindrome-number,Leetcode
Regular Expression Matching,/problems/regular-expression-matching,https://leetcode.com/problems/regular-expression-matching,Leetcode
Container With Most Water,/problems/container-with-most-water,https://leetcode.com/problems/container-with-most-water,Leetcode
Integer to Roman,/problems/integer-to-roman,https://leetcode.com/problems/integer-to-roman,Leetcode
Roman to Integer,/problems/roman-to-integer,https://leetcode.com/problems/roman-to-integer,Leetcode
Longest Common Prefix,/problems/longest-common-prefix,https://leetcode.com/problems/longest-common-prefix,Leetcode
3Sum,/problems/3sum,https://leetcode.com/problems/3sum,Leetcode
3Sum Closest,/problems/3sum-closest,https://leetcode.com/problems/3sum-closest,Leetcode
Letter Combinations of a Phone Number,/problems/letter-combinations-of-a-phone-number,https://leetcode.com/problems/letter-combinations-of-a-phone-number,Leetcode
4Sum,/problems/4sum,https://leetcode.com/problems/4sum,Leetcode
Remove Nth Node From End of List,/problems/remove-nth-node-from-end-of-list,https://leetcode.com/problems/remove-nth-node-from-end-of-list,Leetcode
Valid Parentheses,/problems/valid-parentheses,https://leetcode.com/problems/valid-parentheses,Leetcode
Merge Two Sorted Lists,/problems/merge-two-sorted-lists,https://leetcode.com/problems/merge-two-sorted-lists,Leetcode
Generate Parentheses,/problems/generate-parentheses,https://leetcode.com/problems/generate-parentheses,Leetcode
Merge k Sorted Lists,/problems/merge-k-sorted-lists,https://leetcode.com/problems/merge-k-sorted-lists,Leetcode
Swap Nodes in Pairs,/problems/swap-nodes-in-pairs,https://leetcode.com/problems/swap-nodes-in-pairs,Leetcode
Reverse Nodes in k-Group,/problems/reverse-nodes-in-k-group,https://leetcode.com/problems/reverse-nodes-in-k-group,Leetcode
Remove Duplicates from Sorted Array,/problems/remove-duplicates-from-sorted-array,https://leetcode.com/problems/remove-duplicates-from-sorted-array,Leetcode
Remove Element,/problems/remove-element,https://leetcode.com/problems/remove-element,Leetcode
Implement strStr(),/problems/implement-strstr,https://leetcode.com/problems/implement-strstr,Leetcode
Divide Two Integers,/problems/divide-two-integers,https://leetcode.com/problems/divide-two-integers,Leetcode
Substring with Concatenation of All Words,/problems/substring-with-concatenation-of-all-words,https://leetcode.com/problems/substring-with-concatenation-of-all-words,Leetcode
Next Permutation,/problems/next-permutation,https://leetcode.com/problems/next-permutation,Leetcode
Longest Valid Parentheses,/problems/longest-valid-parentheses,https://leetcode.com/problems/longest-valid-parentheses,Leetcode
Search in Rotated Sorted Array,/problems/search-in-rotated-sorted-array,https://leetcode.com/problems/search-in-rotated-sorted-array,Leetcode
Find First and Last Position of Element in Sorted Array,/problems/find-first-and-last-position-of-element-in-sorted-array,https://leetcode.com/problems/find-first-and-last-position-of-element-in-sorted-array,Leetcode
Search Insert Position,/problems/search-insert-position,https://leetcode.com/problems/search-insert-position,Leetcode
Valid Sudoku,/problems/valid-sudoku,https://leetcode.com/problems/valid-sudoku,Leetcode
Count and Say,/problems/count-and-say,https://leetcode.com/problems/count-and-say,Leetcode
Combination Sum,/problems/combination-sum,https://leetcode.com/problems/combination-sum,Leetcode
Combination Sum II,/problems/combination-sum-ii,https://leetcode.com/problems/combination-sum-ii,Leetcode
First Missing Positive,/problems/first-missing-positive,https://leetcode.com/problems/first-missing-positive,Leetcode
Trapping Rain Water,/problems/trapping-rain-water,https://leetcode.com/problems/trapping-rain-water,Leetcode
Multiply Strings,/problems/multiply-strings,https://leetcode.com/problems/multiply-strings,Leetcode
Jump Game II,/problems/jump-game-ii,https://leetcode.com/problems/jump-game-ii,Leetcode
Permutations,/problems/permutations,https://leetcode.com/problems/permutations,Leetcode
Permutations II,/problems/permutations-ii,https://leetcode.com/problems/permutations-ii,Leetcode
Rotate Image,/problems/rotate-image,https://leetcode.com/problems/rotate-image,Leetcode
Group Anagrams,/problems/group-anagrams,https://leetcode.com/problems/group-anagrams,Leetcode
